"id","winner","result","result_margin","eliminator","method","umpire1","umpire2"
335982,"Kolkata Knight Riders","runs",140,"N",NA,"Asad Rauf","RE Koertzen"
335983,"Chennai Super Kings","runs",33,"N",NA,"MR Benson","SL Shastri"
335984,"Delhi Daredevils","wickets",9,"N",NA,"Aleem Dar","GA Pratapkumar"
335985,"Royal Challengers Bangalore","wickets",5,"N",NA,"SJ Davis","DJ Harper"
335986,"Kolkata Knight Riders","wickets",5,"N",NA,"BF Bowden","K Hariharan"
335987,"Rajasthan Royals","wickets",6,"N",NA,"Aleem Dar","RB Tiffin"
335988,"Delhi Daredevils","wickets",9,"N",NA,"IL Howell","AM Saheba"
335989,"Chennai Super Kings","runs",6,"N",NA,"DJ Harper","GA Pratapkumar"
335990,"Rajasthan Royals","wickets",3,"N",NA,"Asad Rauf","MR Benson"
335991,"Kings XI Punjab","runs",66,"N",NA,"Aleem Dar","AM Saheba"
335992,"Rajasthan Royals","wickets",7,"N",NA,"MR Benson","IL Howell"
335993,"Chennai Super Kings","wickets",9,"N",NA,"BF Bowden","AV Jayaprakash"
335994,"Deccan Chargers","wickets",10,"N",NA,"Asad Rauf","SL Shastri"
335995,"Kings XI Punjab","wickets",4,"N",NA,"RE Koertzen","I Shivram"
335996,"Chennai Super Kings","runs",13,"N",NA,"BR Doctrove","RB Tiffin"
335997,"Mumbai Indians","wickets",7,"N",NA,"BF Bowden","AV Jayaprakash"
335998,"Delhi Daredevils","runs",10,"N",NA,"Aleem Dar","I Shivram"
335999,"Kings XI Punjab","wickets",7,"N",NA,"BR Doctrove","RB Tiffin"
336000,"Rajasthan Royals","runs",45,"N",NA,"RE Koertzen","GA Pratapkumar"
336001,"Delhi Daredevils","wickets",8,"N",NA,"BF Bowden","K Hariharan"
336002,"Royal Challengers Bangalore","wickets",5,"N",NA,"Asad Rauf","RE Koertzen"
336003,"Kings XI Punjab","runs",9,"N",NA,"DJ Harper","I Shivram"
336004,"Mumbai Indians","runs",29,"N",NA,"IL Howell","RE Koertzen"
336005,"Rajasthan Royals","wickets",8,"N",NA,"Asad Rauf","AV Jayaprakash"
336006,"Kings XI Punjab","wickets",6,"N",NA,"SJ Davis","BR Doctrove"
336007,"Deccan Chargers","wickets",7,"N",NA,"MR Benson","RB Tiffin"
336008,"Mumbai Indians","wickets",7,"N",NA,"DJ Harper","RE Koertzen"
336009,"Chennai Super Kings","wickets",4,"N",NA,"Aleem Dar","RB Tiffin"
336010,"Kolkata Knight Riders","runs",5,"N",NA,"Asad Rauf","IL Howell"
336011,"Rajasthan Royals","wickets",8,"N",NA,"MR Benson","AM Saheba"
336012,"Mumbai Indians","wickets",9,"N",NA,"BF Bowden","AV Jayaprakash"
336013,"Chennai Super Kings","runs",18,"N",NA,"AV Jayaprakash","BG Jerling"
336014,"Kolkata Knight Riders","runs",23,"N",NA,"IL Howell","AM Saheba"
336015,"Rajasthan Royals","wickets",3,"N",NA,"SJ Davis","RE Koertzen"
336016,"Kings XI Punjab","wickets",9,"N",NA,"BR Doctrove","I Shivram"
336017,"Kolkata Knight Riders","runs",23,"N",NA,"Asad Rauf","IL Howell"
336018,"Mumbai Indians","wickets",9,"N",NA,"BR Doctrove","AM Saheba"
336019,"Kings XI Punjab","runs",41,"N",NA,"SJ Davis","K Hariharan"
336020,"Delhi Daredevils","runs",12,"N",NA,"BG Jerling","GA Pratapkumar"
336021,"Mumbai Indians","wickets",8,"N",NA,"BR Doctrove","DJ Harper"
336022,"Kings XI Punjab","runs",6,"N","D/L","AV Jayaprakash","RE Koertzen"
336023,"Rajasthan Royals","runs",65,"N",NA,"BF Bowden","SL Shastri"
336024,"Mumbai Indians","runs",25,"N",NA,"BR Doctrove","DJ Harper"
336025,"Chennai Super Kings","runs",3,"N","D/L","Asad Rauf","K Hariharan"
336026,"Delhi Daredevils","wickets",5,"N",NA,"SJ Davis","GA Pratapkumar"
336027,"Rajasthan Royals","wickets",6,"N",NA,"BG Jerling","RE Koertzen"
336028,"Kings XI Punjab","runs",1,"N",NA,"BF Bowden","GA Pratapkumar"
336029,"Royal Challengers Bangalore","runs",14,"N",NA,"DJ Harper","I Shivram"
336031,"Kings XI Punjab","wickets",6,"N",NA,"Asad Rauf","SJ Davis"
336032,"Delhi Daredevils","wickets",5,"N",NA,"BF Bowden","K Hariharan"
336033,"Rajasthan Royals","runs",10,"N",NA,"DJ Harper","SL Shastri"
336034,"Royal Challengers Bangalore","runs",3,"N",NA,"BR Doctrove","SL Shastri"
336035,"Kolkata Knight Riders","wickets",3,"N",NA,"SJ Davis","I Shivram"
336036,"Rajasthan Royals","wickets",5,"N",NA,"BF Bowden","K Hariharan"
336037,"Chennai Super Kings","wickets",7,"N",NA,"BG Jerling","AM Saheba"
336038,"Rajasthan Royals","runs",105,"N",NA,"BF Bowden","RE Koertzen"
336039,"Chennai Super Kings","wickets",9,"N",NA,"Asad Rauf","DJ Harper"
336040,"Rajasthan Royals","wickets",3,"N",NA,"BF Bowden","RE Koertzen"
392181,"Mumbai Indians","runs",19,"N",NA,"BR Doctrove","K Hariharan"
392182,"Royal Challengers Bangalore","runs",75,"N",NA,"BR Doctrove","RB Tiffin"
392183,"Delhi Daredevils","wickets",10,"N","D/L","MR Benson","SD Ranade"
392184,"Deccan Chargers","wickets",8,"N",NA,"MR Benson","BR Doctrove"
392185,"Chennai Super Kings","runs",92,"N",NA,"BG Jerling","SJA Taufel"
392186,"Kolkata Knight Riders","runs",11,"N","D/L","DJ Harper","SD Ranade"
392188,"Deccan Chargers","runs",24,"N",NA,"M Erasmus","AM Saheba"
392189,"Delhi Daredevils","runs",9,"N",NA,"BR Doctrove","SJA Taufel"
392190,"Rajasthan Royals","tie",NA,"Y",NA,"MR Benson","M Erasmus"
392191,"Kings XI Punjab","wickets",7,"N",NA,"BR Doctrove","TH Wijewardene"
392192,"Deccan Chargers","runs",12,"N",NA,"HDPK Dharmasena","SJA Taufel"
392194,"Delhi Daredevils","wickets",6,"N",NA,"S Asnani","BG Jerling"
392195,"Kings XI Punjab","runs",27,"N",NA,"M Erasmus","K Hariharan"
392196,"Deccan Chargers","wickets",6,"N",NA,"IL Howell","TH Wijewardene"
392197,"Mumbai Indians","runs",92,"N",NA,"BG Jerling","RB Tiffin"
392198,"Rajasthan Royals","wickets",5,"N",NA,"GAV Baxter","RE Koertzen"
392199,"Royal Challengers Bangalore","wickets",5,"N",NA,"MR Benson","TH Wijewardene"
392200,"Kings XI Punjab","runs",3,"N",NA,"MR Benson","SL Shastri"
392201,"Delhi Daredevils","wickets",6,"N",NA,"GAV Baxter","AM Saheba"
392202,"Chennai Super Kings","runs",38,"N",NA,"GAV Baxter","RE Koertzen"
392203,"Mumbai Indians","runs",9,"N",NA,"M Erasmus","SK Tarapore"
392204,"Royal Challengers Bangalore","runs",8,"N",NA,"HDPK Dharmasena","S Ravi"
392205,"Rajasthan Royals","wickets",3,"N",NA,"S Asnani","BG Jerling"
392206,"Chennai Super Kings","runs",18,"N",NA,"DJ Harper","RE Koertzen"
392207,"Kings XI Punjab","wickets",6,"N",NA,"S Asnani","MR Benson"
392208,"Royal Challengers Bangalore","wickets",9,"N",NA,"RE Koertzen","TH Wijewardene"
392209,"Chennai Super Kings","runs",78,"N",NA,"BR Doctrove","M Erasmus"
392210,"Rajasthan Royals","runs",78,"N",NA,"SS Hazare","IL Howell"
392211,"Delhi Daredevils","wickets",9,"N",NA,"GAV Baxter","IL Howell"
392212,"Deccan Chargers","runs",19,"N",NA,"MR Benson","HDPK Dharmasena"
392213,"Rajasthan Royals","wickets",7,"N",NA,"K Hariharan","DJ Harper"
392214,"Chennai Super Kings","runs",12,"N","D/L","DJ Harper","TH Wijewardene"
392215,"Delhi Daredevils","wickets",7,"N",NA,"M Erasmus","SK Tarapore"
392216,"Kings XI Punjab","wickets",3,"N",NA,"GAV Baxter","AM Saheba"
392217,"Chennai Super Kings","wickets",7,"N",NA,"GAV Baxter","HDPK Dharmasena"
392218,"Mumbai Indians","runs",16,"N",NA,"BR Doctrove","BG Jerling"
392219,"Delhi Daredevils","wickets",7,"N",NA,"SL Shastri","RB Tiffin"
392220,"Deccan Chargers","runs",53,"N",NA,"GAV Baxter","HDPK Dharmasena"
392221,"Royal Challengers Bangalore","wickets",6,"N",NA,"M Erasmus","SS Hazare"
392222,"Mumbai Indians","wickets",8,"N",NA,"SS Hazare","RE Koertzen"
392223,"Delhi Daredevils","runs",12,"N",NA,"DJ Harper","SL Shastri"
392224,"Royal Challengers Bangalore","wickets",2,"N",NA,"BR Doctrove","DJ Harper"
392225,"Rajasthan Royals","runs",2,"N",NA,"BR Doctrove","DJ Harper"
392226,"Kings XI Punjab","wickets",6,"N",NA,"HDPK Dharmasena","IL Howell"
392227,"Chennai Super Kings","wickets",7,"N",NA,"SK Tarapore","SJA Taufel"
392228,"Deccan Chargers","wickets",6,"N",NA,"RE Koertzen","S Ravi"
392229,"Kings XI Punjab","runs",1,"N",NA,"S Ravi","RB Tiffin"
392230,"Delhi Daredevils","runs",14,"N",NA,"SS Hazare","IL Howell"
392231,"Kolkata Knight Riders","wickets",7,"N",NA,"SJA Taufel","RB Tiffin"
392232,"Royal Challengers Bangalore","wickets",7,"N",NA,"IL Howell","RB Tiffin"
392233,"Kolkata Knight Riders","wickets",4,"N",NA,"BG Jerling","SJA Taufel"
392234,"Chennai Super Kings","runs",24,"N",NA,"BG Jerling","SJA Taufel"
392235,"Delhi Daredevils","wickets",4,"N",NA,"IL Howell","S Ravi"
392236,"Royal Challengers Bangalore","runs",12,"N",NA,"IL Howell","S Ravi"
392237,"Deccan Chargers","wickets",6,"N",NA,"BR Doctrove","DJ Harper"
392238,"Royal Challengers Bangalore","wickets",6,"N",NA,"RE Koertzen","SJA Taufel"
392239,"Deccan Chargers","runs",6,"N",NA,"RE Koertzen","SJA Taufel"
419106,"Kolkata Knight Riders","runs",11,"N",NA,"RE Koertzen","RB Tiffin"
419107,"Mumbai Indians","runs",4,"N",NA,"RE Koertzen","RB Tiffin"
419108,"Delhi Daredevils","wickets",5,"N",NA,"BR Doctrove","S Ravi"
419109,"Kolkata Knight Riders","wickets",7,"N",NA,"HDPK Dharmasena","AM Saheba"
419110,"Deccan Chargers","runs",31,"N",NA,"K Hariharan","DJ Harper"
419111,"Delhi Daredevils","wickets",6,"N",NA,"BG Jerling","RE Koertzen"
419112,"Royal Challengers Bangalore","wickets",8,"N",NA,"S Das","DJ Harper"
419113,"Chennai Super Kings","runs",55,"N",NA,"HDPK Dharmasena","AM Saheba"
419114,"Mumbai Indians","runs",98,"N",NA,"BR Doctrove","SK Tarapore"
419115,"Royal Challengers Bangalore","wickets",10,"N",NA,"K Hariharan","DJ Harper"
419116,"Chennai Super Kings","wickets",5,"N",NA,"BR Doctrove","SK Tarapore"
419117,"Deccan Chargers","runs",6,"N",NA,"BF Bowden","M Erasmus"
419118,"Rajasthan Royals","runs",34,"N",NA,"RE Koertzen","RB Tiffin"
419119,"Royal Challengers Bangalore","wickets",7,"N",NA,"HDPK Dharmasena","SS Hazare"
419120,"Deccan Chargers","runs",10,"N",NA,"BF Bowden","M Erasmus"
419121,"Kings XI Punjab","tie",NA,"Y",NA,"K Hariharan","DJ Harper"
419122,"Mumbai Indians","wickets",7,"N",NA,"SS Hazare","SJA Taufel"
419123,"Royal Challengers Bangalore","runs",36,"N",NA,"RE Koertzen","RB Tiffin"
419124,"Rajasthan Royals","runs",31,"N",NA,"BR Doctrove","SK Tarapore"
419125,"Mumbai Indians","wickets",5,"N",NA,"BF Bowden","AM Saheba"
419126,"Rajasthan Royals","wickets",8,"N",NA,"HDPK Dharmasena","SJA Taufel"
419127,"Kolkata Knight Riders","runs",39,"N",NA,"BR Doctrove","S Ravi"
419128,"Delhi Daredevils","runs",17,"N",NA,"BG Jerling","RE Koertzen"
419129,"Rajasthan Royals","runs",17,"N",NA,"SS Hazare","SJA Taufel"
419130,"Mumbai Indians","runs",41,"N",NA,"S Das","K Hariharan"
419131,"Delhi Daredevils","runs",40,"N",NA,"SS Hazare","SJA Taufel"
419132,"Mumbai Indians","wickets",4,"N",NA,"BR Doctrove","SK Tarapore"
419133,"Chennai Super Kings","wickets",5,"N",NA,"BG Jerling","RE Koertzen"
419134,"Delhi Daredevils","runs",67,"N",NA,"HDPK Dharmasena","SJA Taufel"
419135,"Kolkata Knight Riders","runs",24,"N",NA,"K Hariharan","DJ Harper"
419136,"Royal Challengers Bangalore","wickets",6,"N",NA,"BF Bowden","M Erasmus"
419137,"Chennai Super Kings","runs",23,"N",NA,"RE Koertzen","RB Tiffin"
419138,"Mumbai Indians","runs",63,"N",NA,"BR Doctrove","S Ravi"
419139,"Kings XI Punjab","wickets",8,"N",NA,"S Asnani","DJ Harper"
419140,"Delhi Daredevils","runs",37,"N",NA,"BF Bowden","M Erasmus"
419141,"Rajasthan Royals","runs",2,"N",NA,"HDPK Dharmasena","SJA Taufel"
419142,"Chennai Super Kings","runs",24,"N",NA,"S Asnani","DJ Harper"
419143,"Rajasthan Royals","wickets",9,"N",NA,"S Ravi","SK Tarapore"
419144,"Kolkata Knight Riders","runs",14,"N",NA,"BG Jerling","RE Koertzen"
419145,"Deccan Chargers","wickets",7,"N",NA,"S Asnani","DJ Harper"
419146,"Kings XI Punjab","wickets",6,"N",NA,"M Erasmus","AM Saheba"
419147,"Deccan Chargers","wickets",6,"N",NA,"HDPK Dharmasena","SJA Taufel"
419148,"Royal Challengers Bangalore","wickets",7,"N",NA,"K Hariharan","DJ Harper"
419149,"Kings XI Punjab","wickets",7,"N",NA,"BF Bowden","AM Saheba"
419150,"Mumbai Indians","runs",37,"N",NA,"BR Doctrove","SK Tarapore"
419151,"Deccan Chargers","runs",13,"N",NA,"RE Koertzen","RB Tiffin"
419152,"Mumbai Indians","runs",39,"N",NA,"S Asnani","DJ Harper"
419153,"Chennai Super Kings","wickets",9,"N",NA,"SS Hazare","SJA Taufel"
419154,"Royal Challengers Bangalore","wickets",5,"N",NA,"BR Doctrove","S Ravi"
419155,"Delhi Daredevils","wickets",6,"N",NA,"HDPK Dharmasena","SS Hazare"
419156,"Deccan Chargers","wickets",5,"N",NA,"M Erasmus","AM Saheba"
419157,"Mumbai Indians","runs",57,"N",NA,"HDPK Dharmasena","SJA Taufel"
419158,"Kolkata Knight Riders","wickets",8,"N",NA,"BG Jerling","RB Tiffin"
419159,"Chennai Super Kings","wickets",6,"N",NA,"BF Bowden","AM Saheba"
419160,"Deccan Chargers","runs",11,"N",NA,"BR Doctrove","SK Tarapore"
419161,"Kolkata Knight Riders","wickets",9,"N",NA,"BG Jerling","RE Koertzen"
419162,"Mumbai Indians","runs",35,"N",NA,"BR Doctrove","RB Tiffin"
419163,"Chennai Super Kings","runs",38,"N",NA,"BR Doctrove","RB Tiffin"
419164,"Royal Challengers Bangalore","wickets",9,"N",NA,"RE Koertzen","SJA Taufel"
419165,"Chennai Super Kings","runs",22,"N",NA,"RE Koertzen","SJA Taufel"
501198,"Chennai Super Kings","runs",2,"N",NA,"BR Doctrove","PR Reiffel"
501199,"Rajasthan Royals","wickets",8,"N",NA,"RE Koertzen","SK Tarapore"
501200,"Royal Challengers Bangalore","wickets",6,"N",NA,"HDPK Dharmasena","K Hariharan"
501201,"Mumbai Indians","wickets",8,"N",NA,"AM Saheba","RB Tiffin"
501202,"Pune Warriors","wickets",7,"N",NA,"BR Doctrove","PR Reiffel"
501203,"Kolkata Knight Riders","runs",9,"N",NA,"RE Koertzen","SK Tarapore"
501204,"Rajasthan Royals","wickets",6,"N",NA,"Aleem Dar","RB Tiffin"
501205,"Mumbai Indians","wickets",9,"N",NA,"HDPK Dharmasena","AL Hill"
501206,"Kings XI Punjab","wickets",6,"N",NA,"Asad Rauf","SL Shastri"
501207,"Pune Warriors","wickets",4,"N",NA,"S Asnani","PR Reiffel"
501208,"Deccan Chargers","runs",33,"N",NA,"RE Koertzen","S Ravi"
501209,"Kolkata Knight Riders","wickets",9,"N",NA,"Aleem Dar","SS Hazare"
501210,"Kochi Tuskers Kerala","wickets",8,"N",NA,"BR Doctrove","PR Reiffel"
501211,"Chennai Super Kings","runs",21,"N",NA,"HDPK Dharmasena","AL Hill"
501212,"Kings XI Punjab","wickets",8,"N",NA,"RE Koertzen","S Ravi"
501213,"Delhi Daredevils","wickets",3,"N",NA,"Asad Rauf","AM Saheba"
501214,"Kolkata Knight Riders","wickets",8,"N",NA,"Aleem Dar","RB Tiffin"
501215,"Kochi Tuskers Kerala","wickets",7,"N","D/L","K Hariharan","AL Hill"
501216,"Deccan Chargers","runs",16,"N",NA,"PR Reiffel","RJ Tucker"
501218,"Mumbai Indians","wickets",7,"N",NA,"Asad Rauf","AM Saheba"
501219,"Kochi Tuskers Kerala","runs",6,"N",NA,"Aleem Dar","RB Tiffin"
501220,"Kings XI Punjab","runs",48,"N",NA,"S Asnani","PR Reiffel"
501221,"Mumbai Indians","runs",8,"N",NA,"Asad Rauf","AM Saheba"
501222,"Royal Challengers Bangalore","wickets",9,"N",NA,"SS Hazare","RB Tiffin"
501223,"Delhi Daredevils","runs",29,"N",NA,"S Asnani","RE Koertzen"
501224,"Mumbai Indians","runs",37,"N",NA,"HDPK Dharmasena","AL Hill"
501225,"Rajasthan Royals","wickets",8,"N",NA,"BR Doctrove","SK Tarapore"
501226,"Chennai Super Kings","runs",25,"N",NA,"Aleem Dar","RB Tiffin"
501227,"Royal Challengers Bangalore","wickets",3,"N",NA,"S Asnani","RJ Tucker"
501228,"Chennai Super Kings","wickets",8,"N",NA,"Asad Rauf","SL Shastri"
501229,"Deccan Chargers","runs",55,"N",NA,"HDPK Dharmasena","AL Hill"
501230,"Kolkata Knight Riders","runs",17,"N",NA,"PR Reiffel","RJ Tucker"
501231,"Rajasthan Royals","wickets",7,"N",NA,"Asad Rauf","SK Tarapore"
501232,"Royal Challengers Bangalore","runs",26,"N",NA,"Aleem Dar","SS Hazare"
501233,"Delhi Daredevils","runs",38,"N",NA,"HDPK Dharmasena","AL Hill"
501234,"Kolkata Knight Riders","wickets",8,"N",NA,"AM Saheba","SL Shastri"
501235,"Rajasthan Royals","wickets",6,"N",NA,"SK Tarapore","SJA Taufel"
501236,"Chennai Super Kings","runs",19,"N",NA,"Aleem Dar","RB Tiffin"
501237,"Mumbai Indians","runs",23,"N",NA,"HDPK Dharmasena","PR Reiffel"
501238,"Kochi Tuskers Kerala","wickets",7,"N",NA,"Asad Rauf","SL Shastri"
501239,"Kolkata Knight Riders","runs",20,"N",NA,"S Asnani","RJ Tucker"
501240,"Chennai Super Kings","wickets",8,"N",NA,"SS Hazare","RB Tiffin"
501241,"Mumbai Indians","runs",21,"N",NA,"HDPK Dharmasena","SJA Taufel"
501242,"Kochi Tuskers Kerala","runs",17,"N",NA,"S Ravi","RJ Tucker"
501243,"Delhi Daredevils","wickets",4,"N",NA,"Asad Rauf","AM Saheba"
501244,"Royal Challengers Bangalore","runs",85,"N",NA,"Aleem Dar","RB Tiffin"
501245,"Kolkata Knight Riders","runs",10,"N","D/L","Asad Rauf","PR Reiffel"
501246,"Mumbai Indians","runs",32,"N",NA,"K Hariharan","SJA Taufel"
501247,"Royal Challengers Bangalore","wickets",9,"N",NA,"Aleem Dar","SS Hazare"
501248,"Pune Warriors","wickets",5,"N",NA,"SK Tarapore","RJ Tucker"
501249,"Chennai Super Kings","runs",63,"N",NA,"K Hariharan","SJA Taufel"
501250,"Pune Warriors","wickets",6,"N",NA,"Asad Rauf","AM Saheba"
501251,"Kings XI Punjab","runs",76,"N",NA,"SK Tarapore","RJ Tucker"
501252,"Royal Challengers Bangalore","wickets",9,"N",NA,"HDPK Dharmasena","K Hariharan"
501253,"Chennai Super Kings","runs",18,"N",NA,"AM Saheba","SL Shastri"
501254,"Kings XI Punjab","wickets",6,"N",NA,"S Asnani","RJ Tucker"
501255,"Royal Challengers Bangalore","wickets",4,"N","D/L","RE Koertzen","RB Tiffin"
501256,"Deccan Chargers","runs",10,"N",NA,"S Ravi","SK Tarapore"
501257,"Kings XI Punjab","runs",29,"N",NA,"Asad Rauf","SL Shastri"
501258,"Kochi Tuskers Kerala","wickets",8,"N",NA,"PR Reiffel","RJ Tucker"
501259,"Deccan Chargers","wickets",6,"N",NA,"S Ravi","SK Tarapore"
501260,"Kings XI Punjab","runs",111,"N",NA,"Asad Rauf","AM Saheba"
501261,"Chennai Super Kings","runs",11,"N",NA,"HDPK Dharmasena","RE Koertzen"
501262,"Kolkata Knight Riders","wickets",7,"N",NA,"S Ravi","SJA Taufel"
501263,"Rajasthan Royals","wickets",10,"N",NA,"RE Koertzen","PR Reiffel"
501264,"Deccan Chargers","runs",82,"N",NA,"Asad Rauf","AM Saheba"
501265,NA,NA,NA,NA,NA,"SS Hazare","RJ Tucker"
501266,"Royal Challengers Bangalore","wickets",8,"N",NA,"K Hariharan","RE Koertzen"
501267,"Mumbai Indians","wickets",5,"N",NA,"SK Tarapore","SJA Taufel"
501268,"Chennai Super Kings","wickets",6,"N",NA,"Asad Rauf","SJA Taufel"
501269,"Mumbai Indians","wickets",4,"N",NA,"Asad Rauf","SJA Taufel"
501270,"Royal Challengers Bangalore","runs",43,"N",NA,"Asad Rauf","SJA Taufel"
501271,"Chennai Super Kings","runs",58,"N",NA,"Asad Rauf","SJA Taufel"
548306,"Mumbai Indians","wickets",8,"N",NA,"JD Cloete","SJA Taufel"
548307,"Delhi Daredevils","wickets",8,"N",NA,"S Asnani","HDPK Dharmasena"
548308,"Pune Warriors","runs",28,"N",NA,"AK Chaudhary","SJA Taufel"
548309,"Rajasthan Royals","runs",31,"N",NA,"BF Bowden","SK Tarapore"
548310,"Royal Challengers Bangalore","runs",20,"N",NA,"S Asnani","S Ravi"
548311,"Chennai Super Kings","runs",74,"N",NA,"JD Cloete","HDPK Dharmasena"
548312,"Rajasthan Royals","runs",22,"N",NA,"BF Bowden","VA Kulkarni"
548313,"Pune Warriors","runs",22,"N",NA,"S Das","SJA Taufel"
548314,"Mumbai Indians","wickets",5,"N",NA,"AK Chaudhary","JD Cloete"
548315,"Kolkata Knight Riders","runs",42,"N",NA,"S Ravi","RJ Tucker"
548316,"Delhi Daredevils","wickets",8,"N",NA,"Asad Rauf","SK Tarapore"
548317,"Mumbai Indians","runs",27,"N",NA,"Aleem Dar","BNJ Oxenford"
548318,"Chennai Super Kings","wickets",5,"N",NA,"HDPK Dharmasena","RJ Tucker"
548319,"Kings XI Punjab","wickets",7,"N",NA,"VA Kulkarni","SK Tarapore"
548320,"Kolkata Knight Riders","wickets",5,"N",NA,"Asad Rauf","S Asnani"
548321,"Delhi Daredevils","wickets",5,"N",NA,"BF Bowden","SK Tarapore"
548322,"Pune Warriors","wickets",7,"N",NA,"Aleem Dar","BNJ Oxenford"
548323,"Kings XI Punjab","runs",2,"N",NA,"Asad Rauf","S Asnani"
548324,"Rajasthan Royals","runs",59,"N",NA,"JD Cloete","RJ Tucker"
548325,"Delhi Daredevils","wickets",7,"N",NA,"BF Bowden","SK Tarapore"
548326,"Rajasthan Royals","wickets",5,"N",NA,"Aleem Dar","BNJ Oxenford"
548327,"Royal Challengers Bangalore","wickets",6,"N",NA,"S Asnani","S Das"
548328,"Kolkata Knight Riders","wickets",8,"N",NA,"JD Cloete","RJ Tucker"
548329,"Delhi Daredevils","wickets",9,"N",NA,"JD Cloete","SJA Taufel"
548330,"Chennai Super Kings","runs",13,"N",NA,"Asad Rauf","S Das"
548331,"Royal Challengers Bangalore","wickets",5,"N",NA,"S Ravi","RJ Tucker"
548332,"Chennai Super Kings","wickets",7,"N",NA,"Aleem Dar","BNJ Oxenford"
548333,"Pune Warriors","runs",20,"N",NA,"Asad Rauf","S Das"
548334,"Kings XI Punjab","wickets",6,"N",NA,"S Ravi","RJ Tucker"
548335,"Kolkata Knight Riders","wickets",5,"N",NA,"BF Bowden","SK Tarapore"
548336,"Royal Challengers Bangalore","runs",46,"N",NA,"Asad Rauf","S Asnani"
548337,"Delhi Daredevils","wickets",8,"N",NA,"S Ravi","RJ Tucker"
548339,"Mumbai Indians","wickets",4,"N",NA,"Aleem Dar","BNJ Oxenford"
548341,"Deccan Chargers","runs",18,"N",NA,"S Ravi","RJ Tucker"
548342,"Delhi Daredevils","runs",37,"N",NA,"Aleem Dar","BNJ Oxenford"
548343,"Kings XI Punjab","runs",7,"N",NA,"BF Bowden","SK Tarapore"
548344,"Kolkata Knight Riders","runs",47,"N",NA,"Asad Rauf","BR Doctrove"
548345,"Delhi Daredevils","runs",1,"N",NA,"S Ravi","RJ Tucker"
548346,"Mumbai Indians","wickets",5,"N",NA,"AK Chaudhary","BNJ Oxenford"
548347,"Kolkata Knight Riders","wickets",5,"N",NA,"BF Bowden","C Shamshuddin"
548348,"Deccan Chargers","runs",13,"N",NA,"Aleem Dar","AK Chaudhary"
548349,"Delhi Daredevils","wickets",6,"N",NA,"JD Cloete","SJA Taufel"
548350,"Kings XI Punjab","wickets",4,"N",NA,"BF Bowden","C Shamshuddin"
548351,"Mumbai Indians","runs",1,"N",NA,"Asad Rauf","S Asnani"
548352,"Chennai Super Kings","runs",10,"N",NA,"HDPK Dharmasena","BNJ Oxenford"
548353,"Kolkata Knight Riders","runs",7,"N",NA,"BF Bowden","SK Tarapore"
548354,"Rajasthan Royals","runs",43,"N",NA,"JD Cloete","SJA Taufel"
548355,"Mumbai Indians","wickets",2,"N",NA,"Asad Rauf","S Asnani"
548356,"Royal Challengers Bangalore","wickets",5,"N",NA,"HDPK Dharmasena","BNJ Oxenford"
548357,"Kolkata Knight Riders","wickets",6,"N",NA,"JD Cloete","S Ravi"
548358,"Rajasthan Royals","wickets",7,"N",NA,"Asad Rauf","BR Doctrove"
548359,"Kings XI Punjab","runs",25,"N",NA,"HDPK Dharmasena","BNJ Oxenford"
548360,"Royal Challengers Bangalore","wickets",9,"N",NA,"BF Bowden","VA Kulkarni"
548361,"Chennai Super Kings","wickets",4,"N",NA,"BNJ Oxenford","C Shamshuddin"
548362,"Royal Challengers Bangalore","runs",35,"N",NA,"BF Bowden","SK Tarapore"
548363,"Mumbai Indians","runs",27,"N",NA,"S Ravi","SJA Taufel"
548364,"Chennai Super Kings","wickets",9,"N",NA,"S Das","BR Doctrove"
548365,"Rajasthan Royals","runs",45,"N",NA,"BF Bowden","SK Tarapore"
548366,"Kings XI Punjab","wickets",4,"N",NA,"HDPK Dharmasena","BNJ Oxenford"
548367,"Mumbai Indians","wickets",5,"N",NA,"S Das","BR Doctrove"
548368,"Chennai Super Kings","wickets",5,"N",NA,"JD Cloete","SJA Taufel"
548369,"Delhi Daredevils","wickets",5,"N",NA,"HDPK Dharmasena","BNJ Oxenford"
548370,"Kolkata Knight Riders","runs",32,"N",NA,"S Das","BR Doctrove"
548371,"Kings XI Punjab","wickets",6,"N",NA,"VA Kulkarni","SK Tarapore"
548372,"Royal Challengers Bangalore","runs",21,"N",NA,"HDPK Dharmasena","C Shamshuddin"
548373,"Deccan Chargers","wickets",5,"N",NA,"S Ravi","SJA Taufel"
548374,"Delhi Daredevils","wickets",6,"N",NA,"BF Bowden","VA Kulkarni"
548375,"Kolkata Knight Riders","runs",34,"N",NA,"S Asnani","BR Doctrove"
548376,"Deccan Chargers","runs",9,"N",NA,"S Ravi","SJA Taufel"
548377,"Mumbai Indians","wickets",10,"N",NA,"HDPK Dharmasena","C Shamshuddin"
548378,"Kolkata Knight Riders","runs",18,"N",NA,"BR Doctrove","SJA Taufel"
548379,"Chennai Super Kings","runs",38,"N",NA,"BF Bowden","HDPK Dharmasena"
548380,"Chennai Super Kings","runs",86,"N",NA,"BR Doctrove","SJA Taufel"
548381,"Kolkata Knight Riders","wickets",5,"N",NA,"BF Bowden","SJA Taufel"
597998,"Kolkata Knight Riders","wickets",6,"N",NA,"S Ravi","SJA Taufel"
597999,"Royal Challengers Bangalore","runs",2,"N",NA,"VA Kulkarni","C Shamshuddin"
598000,"Sunrisers Hyderabad","runs",22,"N",NA,"S Ravi","SJA Taufel"
598001,"Rajasthan Royals","runs",5,"N",NA,"S Das","C Shamshuddin"
598002,"Mumbai Indians","runs",9,"N",NA,"M Erasmus","VA Kulkarni"
598003,"Kings XI Punjab","wickets",8,"N",NA,"S Asnani","SJA Taufel"
598004,"Sunrisers Hyderabad","tie",NA,"Y",NA,"AK Chaudhary","S Ravi"
598005,"Rajasthan Royals","runs",19,"N",NA,"Aleem Dar","S Das"
598006,"Mumbai Indians","runs",44,"N",NA,"M Erasmus","VA Kulkarni"
598007,"Chennai Super Kings","wickets",10,"N",NA,"Aleem Dar","C Shamshuddin"
598008,"Royal Challengers Bangalore","wickets",8,"N",NA,"Asad Rauf","AK Chaudhary"
598009,"Pune Warriors","wickets",7,"N",NA,"M Erasmus","K Srinath"
598010,"Sunrisers Hyderabad","wickets",3,"N",NA,"Aleem Dar","Subroto Das"
598011,"Mumbai Indians","runs",41,"N",NA,"S Ravi","SJA Taufel"
598012,"Chennai Super Kings","wickets",4,"N",NA,"Asad Rauf","AK Chaudhary"
598013,"Kolkata Knight Riders","runs",48,"N",NA,"M Erasmus","VA Kulkarni"
598014,"Rajasthan Royals","wickets",6,"N",NA,"Aleem Dar","C Shamshuddin"
598015,"Pune Warriors","runs",24,"N",NA,"Asad Rauf","AK Chaudhary"
598016,"Kings XI Punjab","runs",4,"N",NA,"CK Nandan","SJA Taufel"
598017,"Royal Challengers Bangalore","tie",NA,"Y",NA,"M Erasmus","VA Kulkarni"
598018,"Sunrisers Hyderabad","runs",11,"N",NA,"Asad Rauf","AK Chaudhary"
598019,"Rajasthan Royals","runs",87,"N",NA,"Aleem Dar","C Shamshuddin"
598020,"Chennai Super Kings","runs",86,"N",NA,"M Erasmus","VA Kulkarni"
598021,"Sunrisers Hyderabad","wickets",5,"N",NA,"HDPK Dharmasena","CK Nandan"
598022,"Chennai Super Kings","wickets",4,"N",NA,"Asad Rauf","AK Chaudhary"
598023,"Royal Challengers Bangalore","wickets",7,"N",NA,"Aleem Dar","C Shamshuddin"
598024,"Delhi Daredevils","wickets",9,"N",NA,"HDPK Dharmasena","S Ravi"
598025,"Kings XI Punjab","wickets",7,"N",NA,"M Erasmus","K Srinath"
598026,"Chennai Super Kings","wickets",5,"N",NA,"S Asnani","AK Chaudhary"
598027,"Royal Challengers Bangalore","runs",130,"N",NA,"Aleem Dar","C Shamshuddin"
598028,"Kings XI Punjab","runs",7,"N",NA,"HDPK Dharmasena","S Ravi"
598029,"Mumbai Indians","wickets",5,"N",NA,"HDPK Dharmasena","S Ravi"
598030,"Chennai Super Kings","wickets",5,"N",NA,"Aleem Dar","S Das"
598031,"Kolkata Knight Riders","wickets",6,"N",NA,"CK Nandan","S Ravi"
598032,"Rajasthan Royals","wickets",8,"N",NA,"VA Kulkarni","K Srinath"
598033,"Mumbai Indians","runs",58,"N",NA,"Asad Rauf","S Asnani"
598034,"Chennai Super Kings","runs",14,"N",NA,"Aleem Dar","SJA Taufel"
598035,"Delhi Daredevils","runs",15,"N",NA,"CK Nandan","S Ravi"
598036,"Rajasthan Royals","wickets",4,"N",NA,"M Erasmus","K Srinath"
598037,"Mumbai Indians","runs",4,"N",NA,"Asad Rauf","AK Chaudhary"
598038,"Chennai Super Kings","runs",37,"N",NA,"S Das","SJA Taufel"
598039,"Sunrisers Hyderabad","wickets",7,"N",NA,"Asad Rauf","S Asnani"
598040,"Delhi Daredevils","wickets",7,"N",NA,"HDPK Dharmasena","CK Nandan"
598041,"Chennai Super Kings","runs",15,"N",NA,"M Erasmus","VA Kulkarni"
598042,"Royal Challengers Bangalore","runs",17,"N",NA,"Aleem Dar","C Shamshuddin"
598043,"Kolkata Knight Riders","wickets",8,"N",NA,"HDPK Dharmasena","CK Nandan"
598044,"Sunrisers Hyderabad","wickets",6,"N",NA,"Asad Rauf","S Asnani"
598045,"Kings XI Punjab","wickets",7,"N",NA,"HDPK Dharmasena","S Ravi"
598046,"Mumbai Indians","runs",60,"N",NA,"HDPK Dharmasena","CK Nandan"
598047,"Rajasthan Royals","wickets",5,"N",NA,"C Shamshuddin","RJ Tucker"
598048,"Royal Challengers Bangalore","wickets",7,"N",NA,"S Ravi","SJA Taufel"
598049,"Rajasthan Royals","wickets",9,"N",NA,"Aleem Dar","RJ Tucker"
598050,"Mumbai Indians","runs",65,"N",NA,"HDPK Dharmasena","S Ravi"
598051,"Chennai Super Kings","runs",77,"N",NA,"S Das","NJ Llong"
598052,"Rajasthan Royals","wickets",8,"N",NA,"HDPK Dharmasena","S Ravi"
598053,"Kolkata Knight Riders","runs",46,"N",NA,"Asad Rauf","S Asnani"
598054,"Royal Challengers Bangalore","runs",4,"N",NA,"NJ Llong","K Srinath"
598055,"Mumbai Indians","wickets",5,"N",NA,"Asad Rauf","AK Chaudhary"
598056,"Sunrisers Hyderabad","runs",30,"N",NA,"S Das","RJ Tucker"
598057,"Kolkata Knight Riders","wickets",5,"N",NA,"NJ Llong","K Srinath"
598058,"Rajasthan Royals","wickets",5,"N",NA,"HDPK Dharmasena","CK Nandan"
598059,"Kings XI Punjab","wickets",5,"N",NA,"VA Kulkarni","K Srinath"
598060,"Mumbai Indians","wickets",7,"N",NA,"AK Chaudhary","SJA Taufel"
598061,"Pune Warriors","runs",7,"N",NA,"NJ Llong","K Srinath"
598062,"Chennai Super Kings","runs",33,"N",NA,"C Shamshuddin","RJ Tucker"
598063,"Mumbai Indians","runs",14,"N",NA,"Asad Rauf","S Asnani"
598064,"Kings XI Punjab","wickets",6,"N",NA,"VA Kulkarni","NJ Llong"
598065,"Sunrisers Hyderabad","runs",23,"N",NA,"Asad Rauf","AK Chaudhary"
598066,"Kings XI Punjab","runs",50,"N",NA,"HDPK Dharmasena","CK Nandan"
598067,"Pune Warriors","runs",38,"N",NA,"NJ Llong","SJA Taufel"
598068,"Royal Challengers Bangalore","runs",24,"N",NA,"C Shamshuddin","RJ Tucker"
598069,"Sunrisers Hyderabad","wickets",5,"N",NA,"Asad Rauf","S Asnani"
598070,"Chennai Super Kings","runs",48,"N",NA,"NJ Llong","RJ Tucker"
598071,"Rajasthan Royals","wickets",4,"N",NA,"S Ravi","RJ Tucker"
598072,"Mumbai Indians","wickets",4,"N",NA,"C Shamshuddin","SJA Taufel"
598073,"Mumbai Indians","runs",23,"N",NA,"HDPK Dharmasena","SJA Taufel"
729279,"Kolkata Knight Riders","runs",41,"N",NA,"M Erasmus","RK Illingworth"
729281,"Royal Challengers Bangalore","wickets",8,"N",NA,"Aleem Dar","S Ravi"
729283,"Kings XI Punjab","wickets",6,"N",NA,"RK Illingworth","C Shamshuddin"
729285,"Rajasthan Royals","wickets",4,"N",NA,"BF Bowden","RK Illingworth"
729287,"Royal Challengers Bangalore","wickets",7,"N",NA,"Aleem Dar","AK Chaudhary"
729289,"Delhi Daredevils","wickets",4,"N",NA,"Aleem Dar","VA Kulkarni"
729291,"Kings XI Punjab","wickets",7,"N",NA,"BF Bowden","M Erasmus"
729293,"Chennai Super Kings","runs",93,"N",NA,"RK Illingworth","C Shamshuddin"
729295,"Kings XI Punjab","runs",72,"N",NA,"M Erasmus","S Ravi"
729297,"Chennai Super Kings","runs",7,"N",NA,"HDPK Dharmasena","RK Illingworth"
729299,"Kolkata Knight Riders","runs",2,"N",NA,"Aleem Dar","VA Kulkarni"
729301,"Sunrisers Hyderabad","runs",4,"N",NA,"M Erasmus","S Ravi"
729303,"Chennai Super Kings","wickets",7,"N",NA,"BF Bowden","M Erasmus"
729305,"Rajasthan Royals","wickets",6,"N",NA,"HDPK Dharmasena","C Shamshuddin"
729307,"Kings XI Punjab","runs",23,"N",NA,"HDPK Dharmasena","RK Illingworth"
729309,"Delhi Daredevils","wickets",6,"N",NA,"Aleem Dar","VA Kulkarni"
729311,"Chennai Super Kings","wickets",5,"N",NA,"AK Chaudhary","VA Kulkarni"
729313,"Kings XI Punjab","wickets",5,"N",NA,"BF Bowden","S Ravi"
729315,"Rajasthan Royals","tie",NA,"Y",NA,"Aleem Dar","AK Chaudhary"
729317,"Sunrisers Hyderabad","runs",15,"N",NA,"HDPK Dharmasena","M Erasmus"
733971,"Chennai Super Kings","runs",34,"N",NA,"AK Chaudhary","NJ Llong"
733973,"Mumbai Indians","wickets",5,"N",NA,"BNJ Oxenford","C Shamshuddin"
733975,"Rajasthan Royals","wickets",7,"N",NA,"SS Hazare","S Ravi"
733977,"Royal Challengers Bangalore","wickets",4,"N",NA,"HDPK Dharmasena","VA Kulkarni"
733979,"Rajasthan Royals","runs",10,"N",NA,"NJ Llong","CK Nandan"
733981,"Chennai Super Kings","wickets",8,"N",NA,"RM Deshpande","BNJ Oxenford"
733983,"Mumbai Indians","runs",19,"N",NA,"S Ravi","K Srinath"
733985,"Kolkata Knight Riders","wickets",8,"N",NA,"BNJ Oxenford","C Shamshuddin"
733987,"Kings XI Punjab","runs",44,"N",NA,"HDPK Dharmasena","PG Pathak"
733989,"Sunrisers Hyderabad","runs",32,"N",NA,"AK Chaudhary","NJ Llong"
733991,"Kings XI Punjab","runs",32,"N",NA,"S Ravi","K Srinath"
733993,"Sunrisers Hyderabad","wickets",8,"N","D/L","RM Deshpande","BNJ Oxenford"
733995,"Chennai Super Kings","wickets",4,"N",NA,"HDPK Dharmasena","VA Kulkarni"
733997,"Kolkata Knight Riders","wickets",9,"N",NA,"NJ Llong","CK Nandan"
733999,"Rajasthan Royals","wickets",5,"N",NA,"S Ravi","RJ Tucker"
734001,"Mumbai Indians","wickets",7,"N",NA,"HDPK Dharmasena","VA Kulkarni"
734003,"Chennai Super Kings","wickets",5,"N",NA,"BNJ Oxenford","C Shamshuddin"
734005,"Royal Challengers Bangalore","runs",16,"N",NA,"K Srinath","RJ Tucker"
734007,"Kings XI Punjab","wickets",6,"N",NA,"VA Kulkarni","PG Pathak"
734009,"Kolkata Knight Riders","wickets",6,"N",NA,"AK Chaudhary","NJ Llong"
734011,"Rajasthan Royals","runs",62,"N",NA,"S Ravi","RJ Tucker"
734013,"Royal Challengers Bangalore","wickets",5,"N",NA,"BNJ Oxenford","C Shamshuddin"
734015,"Kolkata Knight Riders","wickets",7,"N",NA,"NJ Llong","CK Nandan"
734017,"Mumbai Indians","runs",25,"N",NA,"S Ravi","RJ Tucker"
734019,"Kings XI Punjab","wickets",4,"N",NA,"HDPK Dharmasena","PG Pathak"
734021,"Sunrisers Hyderabad","wickets",7,"N",NA,"AK Chaudhary","NJ Llong"
734023,"Kolkata Knight Riders","wickets",8,"N",NA,"RM Deshpande","C Shamshuddin"
734025,"Mumbai Indians","wickets",7,"N",NA,"HDPK Dharmasena","VA Kulkarni"
734027,"Kolkata Knight Riders","runs",30,"N",NA,"AK Chaudhary","CK Nandan"
734029,"Sunrisers Hyderabad","wickets",6,"N",NA,"BNJ Oxenford","C Shamshuddin"
734031,"Mumbai Indians","runs",15,"N",NA,"S Ravi","RJ Tucker"
734033,"Kings XI Punjab","runs",16,"N",NA,"HDPK Dharmasena","PG Pathak"
734035,"Chennai Super Kings","wickets",8,"N",NA,"AK Chaudhary","NJ Llong"
734037,"Kolkata Knight Riders","wickets",4,"N",NA,"RM Deshpande","BNJ Oxenford"
734039,"Kings XI Punjab","wickets",7,"N",NA,"HDPK Dharmasena","VA Kulkarni"
734041,"Mumbai Indians","wickets",5,"N",NA,"K Srinath","RJ Tucker"
734043,"Kolkata Knight Riders","runs",28,"N",NA,"NJ Llong","S Ravi"
734045,"Chennai Super Kings","wickets",7,"N",NA,"VA Kulkarni","BNJ Oxenford"
734047,"Kings XI Punjab","runs",24,"N",NA,"HDPK Dharmasena","RJ Tucker"
734049,"Kolkata Knight Riders","wickets",3,"N",NA,"HDPK Dharmasena","BNJ Oxenford"
829705,"Kolkata Knight Riders","wickets",7,"N",NA,"S Ravi","C Shamshuddin"
829707,"Chennai Super Kings","runs",1,"N",NA,"RK Illingworth","VA Kulkarni"
829709,"Rajasthan Royals","runs",26,"N",NA,"SD Fry","CB Gaffaney"
829711,"Chennai Super Kings","runs",45,"N",NA,"RK Illingworth","VA Kulkarni"
829713,"Royal Challengers Bangalore","wickets",3,"N",NA,"S Ravi","C Shamshuddin"
829715,"Rajasthan Royals","wickets",3,"N",NA,"SD Fry","CB Gaffaney"
829717,"Kings XI Punjab","runs",18,"N",NA,"AK Chaudhary","K Srinivasan"
829719,"Sunrisers Hyderabad","wickets",8,"N",NA,"RM Deshpande","RK Illingworth"
829721,"Rajasthan Royals","wickets",7,"N",NA,"AK Chaudhary","SD Fry"
829723,"Kolkata Knight Riders","wickets",7,"N",NA,"AK Chaudhary","M Erasmus"
829725,"Delhi Daredevils","wickets",5,"N",NA,"CB Gaffaney","K Srinath"
829727,"Rajasthan Royals","wickets",6,"N",NA,"PG Pathak","S Ravi"
829729,"Chennai Super Kings","wickets",6,"N",NA,"AK Chaudhary","M Erasmus"
829731,"Delhi Daredevils","runs",4,"N",NA,"PG Pathak","S Ravi"
829733,"Kolkata Knight Riders","wickets",4,"N",NA,"SD Fry","CK Nandan"
829735,"Rajasthan Royals","wickets",8,"N",NA,"AK Chaudhary","M Erasmus"
829737,"Mumbai Indians","runs",18,"N",NA,"RK Illingworth","VA Kulkarni"
829739,"Kolkata Knight Riders","wickets",6,"N",NA,"SD Fry","CB Gaffaney"
829741,"Kings XI Punjab","tie",NA,"Y",NA,"M Erasmus","S Ravi"
829743,"Sunrisers Hyderabad","runs",16,"N","D/L","RK Illingworth","VA Kulkarni"
829745,"Chennai Super Kings","runs",27,"N",NA,"JD Cloete","C Shamshuddin"
829747,"Delhi Daredevils","runs",37,"N",NA,"SD Fry","CK Nandan"
829749,"Royal Challengers Bangalore","wickets",9,"N",NA,"M Erasmus","S Ravi"
829751,"Mumbai Indians","runs",20,"N",NA,"HDPK Dharmasena","CB Gaffaney"
829753,"Chennai Super Kings","runs",97,"N",NA,"JD Cloete","C Shamshuddin"
829757,"Royal Challengers Bangalore","wickets",10,"N",NA,"M Erasmus","S Ravi"
829759,"Sunrisers Hyderabad","runs",20,"N",NA,"HDPK Dharmasena","CB Gaffaney"
829761,"Kolkata Knight Riders","runs",13,"N",NA,"AK Chaudhary","M Erasmus"
829763,NA,NA,NA,NA,NA,"JD Cloete","PG Pathak"
829765,"Chennai Super Kings","runs",2,"N",NA,"RM Deshpande","VA Kulkarni"
829767,"Delhi Daredevils","wickets",9,"N",NA,"RK Illingworth","S Ravi"
829769,"Mumbai Indians","runs",8,"N",NA,"HDPK Dharmasena","CK Nandan"
829771,"Royal Challengers Bangalore","wickets",7,"N",NA,"JD Cloete","PG Pathak"
829773,"Sunrisers Hyderabad","runs",22,"N",NA,"AK Chaudhary","K Srinivasan"
829775,"Mumbai Indians","runs",23,"N",NA,"RK Illingworth","VA Kulkarni"
829777,"Rajasthan Royals","runs",14,"N",NA,"HDPK Dharmasena","CB Gaffaney"
829779,"Chennai Super Kings","runs",24,"N",NA,"C Shamshuddin","K Srinath"
829781,"Kolkata Knight Riders","runs",35,"N",NA,"AK Chaudhary","M Erasmus"
829783,"Mumbai Indians","wickets",5,"N",NA,"HDPK Dharmasena","CB Gaffaney"
829785,"Royal Challengers Bangalore","runs",138,"N",NA,"RK Illingworth","VA Kulkarni"
829787,"Sunrisers Hyderabad","runs",7,"N",NA,"JD Cloete","C Shamshuddin"
829789,"Mumbai Indians","wickets",6,"N",NA,"CB Gaffaney","CK Nandan"
829791,"Kolkata Knight Riders","wickets",1,"N",NA,"AK Chaudhary","HDPK Dharmasena"
829793,"Sunrisers Hyderabad","runs",6,"N",NA,"VA Kulkarni","S Ravi"
829795,"Royal Challengers Bangalore","runs",39,"N",NA,"JD Cloete","C Shamshuddin"
829797,"Chennai Super Kings","runs",12,"N",NA,"M Erasmus","CK Nandan"
829799,"Sunrisers Hyderabad","runs",5,"N",NA,"AK Chaudhary","HDPK Dharmasena"
829801,"Delhi Daredevils","wickets",6,"N",NA,"RK Illingworth","VA Kulkarni"
829803,"Kings XI Punjab","runs",22,"N",NA,"JD Cloete","C Shamshuddin"
829805,"Mumbai Indians","runs",5,"N",NA,"RK Illingworth","VA Kulkarni"
829807,"Royal Challengers Bangalore","wickets",6,"N","D/L","AK Chaudhary","HDPK Dharmasena"
829809,"Chennai Super Kings","wickets",7,"N",NA,"CK Nandan","C Shamshuddin"
829811,"Rajasthan Royals","runs",9,"N",NA,"RM Deshpande","RK Illingworth"
829813,NA,NA,NA,NA,NA,"HDPK Dharmasena","K Srinivasan"
829815,"Mumbai Indians","wickets",9,"N",NA,"CB Gaffaney","K Srinath"
829817,"Mumbai Indians","runs",25,"N",NA,"HDPK Dharmasena","RK Illingworth"
829819,"Royal Challengers Bangalore","runs",71,"N",NA,"AK Chaudhary","C Shamshuddin"
829821,"Chennai Super Kings","wickets",3,"N",NA,"AK Chaudhary","CB Gaffaney"
829823,"Mumbai Indians","runs",41,"N",NA,"HDPK Dharmasena","RK Illingworth"
980901,"Rising Pune Supergiants","wickets",9,"N",NA,"HDPK Dharmasena","CK Nandan"
980903,"Kolkata Knight Riders","wickets",9,"N",NA,"S Ravi","C Shamshuddin"
980905,"Gujarat Lions","wickets",5,"N",NA,"AK Chaudhary","VA Kulkarni"
980907,"Royal Challengers Bangalore","runs",45,"N",NA,"HDPK Dharmasena","VK Sharma"
980909,"Mumbai Indians","wickets",6,"N",NA,"Nitin Menon","S Ravi"
980911,"Gujarat Lions","wickets",7,"N",NA,"VA Kulkarni","CK Nandan"
980913,"Delhi Daredevils","wickets",8,"N",NA,"S Ravi","C Shamshuddin"
980915,"Kolkata Knight Riders","wickets",8,"N",NA,"AK Chaudhary","CK Nandan"
980917,"Gujarat Lions","wickets",3,"N",NA,"HDPK Dharmasena","VK Sharma"
980919,"Kings XI Punjab","wickets",6,"N",NA,"S Ravi","C Shamshuddin"
980921,"Delhi Daredevils","wickets",7,"N",NA,"VA Kulkarni","A Nand Kishore"
980923,"Sunrisers Hyderabad","wickets",7,"N",NA,"HDPK Dharmasena","VK Sharma"
980925,"Kolkata Knight Riders","wickets",6,"N",NA,"S Ravi","C Shamshuddin"
980927,"Mumbai Indians","wickets",6,"N",NA,"AK Chaudhary","CK Nandan"
980929,"Sunrisers Hyderabad","wickets",10,"N",NA,"K Bharatan","HDPK Dharmasena"
980931,"Royal Challengers Bangalore","runs",13,"N",NA,"CB Gaffaney","VK Sharma"
980933,"Delhi Daredevils","runs",10,"N",NA,"S Ravi","C Shamshuddin"
980935,"Sunrisers Hyderabad","wickets",5,"N",NA,"AK Chaudhary","CK Nandan"
980937,"Gujarat Lions","wickets",6,"N",NA,"K Bharatan","BNJ Oxenford"
980939,"Kolkata Knight Riders","wickets",2,"N",NA,"CB Gaffaney","A Nand Kishore"
980941,"Mumbai Indians","runs",25,"N",NA,"Nitin Menon","RJ Tucker"
980943,"Rising Pune Supergiants","runs",34,"N","D/L","AY Dandekar","CK Nandan"
980945,"Gujarat Lions","runs",1,"N",NA,"M Erasmus","S Ravi"
980947,"Mumbai Indians","wickets",6,"N",NA,"Nitin Menon","RJ Tucker"
980949,"Gujarat Lions","wickets",3,"N",NA,"CB Gaffaney","BNJ Oxenford"
980951,"Delhi Daredevils","runs",27,"N",NA,"KN Ananthapadmanabhan","M Erasmus"
980953,"Sunrisers Hyderabad","runs",15,"N",NA,"AK Chaudhary","HDPK Dharmasena"
980955,"Kings XI Punjab","runs",23,"N",NA,"BNJ Oxenford","VK Sharma"
980957,"Mumbai Indians","wickets",8,"N",NA,"AY Dandekar","RJ Tucker"
980959,"Kolkata Knight Riders","wickets",5,"N",NA,"M Erasmus","S Ravi"
980961,"Delhi Daredevils","wickets",8,"N",NA,"CB Gaffaney","BNJ Oxenford"
980963,"Kolkata Knight Riders","runs",7,"N",NA,"AK Chaudhary","HDPK Dharmasena"
980965,"Rising Pune Supergiants","wickets",7,"N",NA,"C Shamshuddin","RJ Tucker"
980967,"Sunrisers Hyderabad","wickets",5,"N",NA,"M Erasmus","S Ravi"
980969,"Royal Challengers Bangalore","wickets",7,"N",NA,"CB Gaffaney","BNJ Oxenford"
980971,"Kings XI Punjab","runs",9,"N",NA,"HDPK Dharmasena","CK Nandan"
980973,"Sunrisers Hyderabad","runs",85,"N",NA,"S Ravi","C Shamshuddin"
980975,"Gujarat Lions","wickets",5,"N",NA,"M Erasmus","RJ Tucker"
980977,"Royal Challengers Bangalore","runs",1,"N",NA,"AK Chaudhary","HDPK Dharmasena"
980979,"Sunrisers Hyderabad","runs",4,"N",NA,"CB Gaffaney","VK Sharma"
980981,"Mumbai Indians","wickets",6,"N",NA,"AY Dandekar","C Shamshuddin"
980983,"Delhi Daredevils","wickets",7,"N",NA,"K Bharatan","M Erasmus"
980985,"Kings XI Punjab","wickets",7,"N",NA,"HDPK Dharmasena","CK Nandan"
980987,"Royal Challengers Bangalore","runs",144,"N",NA,"AY Dandekar","VK Sharma"
980989,"Kolkata Knight Riders","wickets",8,"N","D/L","A Nand Kishore","BNJ Oxenford"
980991,"Sunrisers Hyderabad","wickets",7,"N",NA,"KN Ananthapadmanabhan","M Erasmus"
980993,"Mumbai Indians","runs",80,"N",NA,"Nitin Menon","CK Nandan"
980995,"Royal Challengers Bangalore","wickets",9,"N",NA,"CB Gaffaney","A Nand Kishore"
980997,"Rising Pune Supergiants","runs",19,"N","D/L","Nitin Menon","C Shamshuddin"
980999,"Royal Challengers Bangalore","runs",82,"N","D/L","KN Ananthapadmanabhan","M Erasmus"
981001,"Gujarat Lions","wickets",6,"N",NA,"AK Chaudhary","CK Nandan"
981003,"Delhi Daredevils","wickets",6,"N",NA,"A Nand Kishore","BNJ Oxenford"
981005,"Rising Pune Supergiants","wickets",4,"N",NA,"HDPK Dharmasena","Nitin Menon"
981007,"Gujarat Lions","wickets",6,"N",NA,"AK Chaudhary","CK Nandan"
981009,"Kolkata Knight Riders","runs",22,"N",NA,"KN Ananthapadmanabhan","M Erasmus"
981011,"Royal Challengers Bangalore","wickets",6,"N",NA,"A Nand Kishore","BNJ Oxenford"
981013,"Royal Challengers Bangalore","wickets",4,"N",NA,"AK Chaudhary","HDPK Dharmasena"
981015,"Sunrisers Hyderabad","runs",22,"N",NA,"M Erasmus","C Shamshuddin"
981017,"Sunrisers Hyderabad","wickets",4,"N",NA,"M Erasmus","CK Nandan"
981019,"Sunrisers Hyderabad","runs",8,"N",NA,"HDPK Dharmasena","BNJ Oxenford"
1082591,"Sunrisers Hyderabad","runs",35,"N",NA,"AY Dandekar","NJ Llong"
1082592,"Rising Pune Supergiant","wickets",7,"N",NA,"A Nand Kishore","S Ravi"
1082593,"Kolkata Knight Riders","wickets",10,"N",NA,"Nitin Menon","CK Nandan"
1082594,"Kings XI Punjab","wickets",6,"N",NA,"AK Chaudhary","C Shamshuddin"
1082595,"Royal Challengers Bangalore","runs",15,"N",NA,"S Ravi","VK Sharma"
1082596,"Sunrisers Hyderabad","wickets",9,"N",NA,"A Deshmukh","NJ Llong"
1082597,"Mumbai Indians","wickets",4,"N",NA,"Nitin Menon","CK Nandan"
1082598,"Kings XI Punjab","wickets",8,"N",NA,"AK Chaudhary","C Shamshuddin"
1082599,"Delhi Daredevils","runs",97,"N",NA,"AY Dandekar","S Ravi"
1082600,"Mumbai Indians","wickets",4,"N",NA,"Nitin Menon","CK Nandan"
1082601,"Kolkata Knight Riders","wickets",8,"N",NA,"A Deshmukh","NJ Llong"
1082602,"Mumbai Indians","wickets",4,"N",NA,"KN Ananthapadmanabhan","AK Chaudhary"
1082603,"Gujarat Lions","wickets",7,"N",NA,"A Nand Kishore","S Ravi"
1082604,"Kolkata Knight Riders","runs",17,"N",NA,"AY Dandekar","NJ Llong"
1082605,"Delhi Daredevils","runs",51,"N",NA,"YC Barde","Nitin Menon"
1082606,"Mumbai Indians","wickets",6,"N",NA,"A Nand Kishore","S Ravi"
1082607,"Rising Pune Supergiant","runs",27,"N",NA,"KN Ananthapadmanabhan","C Shamshuddin"
1082608,"Kolkata Knight Riders","wickets",4,"N",NA,"Nitin Menon","CK Nandan"
1082609,"Sunrisers Hyderabad","runs",5,"N",NA,"AY Dandekar","A Deshmukh"
1082610,"Royal Challengers Bangalore","runs",21,"N",NA,"S Ravi","VK Sharma"
1082611,"Sunrisers Hyderabad","runs",15,"N",NA,"CB Gaffaney","NJ Llong"
1082612,"Mumbai Indians","wickets",8,"N",NA,"M Erasmus","C Shamshuddin"
1082613,"Gujarat Lions","wickets",4,"N",NA,"CB Gaffaney","Nitin Menon"
1082614,"Mumbai Indians","runs",14,"N",NA,"A Nand Kishore","S Ravi"
1082615,"Rising Pune Supergiant","wickets",6,"N",NA,"AY Dandekar","A Deshmukh"
1082616,"Kings XI Punjab","runs",26,"N",NA,"AK Chaudhary","M Erasmus"
1082617,"Kolkata Knight Riders","runs",82,"N",NA,"CB Gaffaney","CK Nandan"
1082618,"Rising Pune Supergiant","runs",3,"N",NA,"A Nand Kishore","S Ravi"
1082620,"Kolkata Knight Riders","wickets",7,"N",NA,"AY Dandekar","NJ Llong"
1082621,"Gujarat Lions","wickets",7,"N",NA,"AK Chaudhary","C Shamshuddin"
1082622,"Kolkata Knight Riders","wickets",7,"N",NA,"NJ Llong","S Ravi"
1082623,"Sunrisers Hyderabad","runs",26,"N",NA,"Nitin Menon","CK Nandan"
1082624,"Rising Pune Supergiant","runs",61,"N",NA,"KN Ananthapadmanabhan","M Erasmus"
1082625,"Mumbai Indians","tie",NA,"Y",NA,"AK Chaudhary","CB Gaffaney"
1082626,"Kings XI Punjab","wickets",10,"N",NA,"YC Barde","CK Nandan"
1082627,"Sunrisers Hyderabad","runs",48,"N",NA,"AY Dandekar","S Ravi"
1082628,"Mumbai Indians","wickets",5,"N",NA,"AK Chaudhary","CB Gaffaney"
1082629,"Rising Pune Supergiant","wickets",5,"N",NA,"M Erasmus","C Shamshuddin"
1082630,"Delhi Daredevils","wickets",6,"N",NA,"YC Barde","Nitin Menon"
1082631,"Rising Pune Supergiant","wickets",4,"N",NA,"KN Ananthapadmanabhan","A Nand Kishore"
1082632,"Delhi Daredevils","wickets",7,"N",NA,"M Erasmus","Nitin Menon"
1082633,"Kings XI Punjab","runs",19,"N",NA,"CB Gaffaney","C Shamshuddin"
1082634,"Rising Pune Supergiant","runs",12,"N",NA,"KN Ananthapadmanabhan","AK Chaudhary"
1082635,"Mumbai Indians","runs",146,"N",NA,"Nitin Menon","CK Nandan"
1082636,"Kolkata Knight Riders","wickets",6,"N",NA,"AY Dandekar","C Shamshuddin"
1082637,"Gujarat Lions","wickets",6,"N",NA,"A Nand Kishore","VK Sharma"
1082638,"Sunrisers Hyderabad","wickets",7,"N",NA,"KN Ananthapadmanabhan","M Erasmus"
1082639,"Kings XI Punjab","runs",14,"N",NA,"A Nand Kishore","S Ravi"
1082640,"Delhi Daredevils","wickets",2,"N",NA,"YC Barde","AK Chaudhary"
1082641,"Kings XI Punjab","runs",7,"N",NA,"A Deshmukh","A Nand Kishore"
1082642,"Delhi Daredevils","runs",7,"N",NA,"KN Ananthapadmanabhan","CK Nandan"
1082643,"Sunrisers Hyderabad","wickets",8,"N",NA,"AK Chaudhary","Nitin Menon"
1082644,"Mumbai Indians","runs",9,"N",NA,"A Nand Kishore","S Ravi"
1082645,"Rising Pune Supergiant","wickets",9,"N",NA,"AY Dandekar","A Deshmukh"
1082646,"Royal Challengers Bangalore","runs",10,"N",NA,"CK Nandan","C Shamshuddin"
1082647,"Rising Pune Supergiant","runs",20,"N",NA,"S Ravi","C Shamshuddin"
1082648,"Kolkata Knight Riders","wickets",7,"N","D/L","AK Chaudhary","Nitin Menon"
1082649,"Mumbai Indians","wickets",6,"N",NA,"NJ Llong","Nitin Menon"
1082650,"Mumbai Indians","runs",1,"N",NA,"NJ Llong","S Ravi"
1136561,"Chennai Super Kings","wickets",1,"N",NA,"CB Gaffaney","A Nand Kishore"
1136562,"Kings XI Punjab","wickets",6,"N",NA,"KN Ananthapadmanabhan","RJ Tucker"
1136563,"Kolkata Knight Riders","wickets",4,"N",NA,"C Shamshuddin","A Deshmukh"
1136564,"Sunrisers Hyderabad","wickets",9,"N",NA,"VA Kulkarni","NJ Llong"
1136565,"Chennai Super Kings","wickets",5,"N",NA,"CB Gaffaney","AK Chaudhary"
1136566,"Rajasthan Royals","runs",10,"N","D/L","KN Ananthapadmanabhan","Nitin Menon"
1136567,"Sunrisers Hyderabad","wickets",1,"N",NA,"NJ Llong","CK Nandan"
1136568,"Royal Challengers Bangalore","wickets",4,"N",NA,"A Deshmukh","S Ravi"
1136569,"Delhi Daredevils","wickets",7,"N",NA,"KN Ananthapadmanabhan","Nitin Menon"
1136570,"Sunrisers Hyderabad","wickets",5,"N",NA,"AK Chaudhary","A Nand Kishore"
1136571,"Rajasthan Royals","runs",19,"N",NA,"C Shamshuddin","S Ravi"
1136572,"Kings XI Punjab","runs",4,"N",NA,"VA Kulkarni","CK Nandan"
1136573,"Kolkata Knight Riders","runs",71,"N",NA,"AK Chaudhary","A Nand Kishore"
1136574,"Mumbai Indians","runs",46,"N",NA,"RJ Tucker","Nitin Menon"
1136575,"Kolkata Knight Riders","wickets",7,"N",NA,"A Deshmukh","S Ravi"
1136576,"Kings XI Punjab","runs",15,"N",NA,"NJ Llong","AK Chaudhary"
1136577,"Chennai Super Kings","runs",64,"N",NA,"KN Ananthapadmanabhan","Nitin Menon"
1136578,"Kings XI Punjab","wickets",9,"N","D/L","C Shamshuddin","A Deshmukh"
1136579,"Royal Challengers Bangalore","wickets",6,"N",NA,"CB Gaffaney","CK Nandan"
1136580,"Chennai Super Kings","runs",4,"N",NA,"VA Kulkarni","AK Chaudhary"
1136581,"Rajasthan Royals","wickets",3,"N",NA,"KN Ananthapadmanabhan","RJ Tucker"
1136582,"Kings XI Punjab","runs",4,"N",NA,"A Nand Kishore","CK Nandan"
1136583,"Sunrisers Hyderabad","runs",31,"N",NA,"C Shamshuddin","S Ravi"
1136584,"Chennai Super Kings","wickets",5,"N",NA,"NJ Llong","VK Sharma"
1136585,"Sunrisers Hyderabad","runs",13,"N",NA,"YC Barde","CK Nandan"
1136586,"Delhi Daredevils","runs",55,"N",NA,"C Shamshuddin","S Ravi"
1136587,"Mumbai Indians","wickets",8,"N",NA,"CB Gaffaney","Nitin Menon"
1136588,"Sunrisers Hyderabad","runs",11,"N",NA,"BNJ Oxenford","A Nand Kishore"
1136589,"Kolkata Knight Riders","wickets",6,"N",NA,"NJ Llong","AK Chaudhary"
1136590,"Chennai Super Kings","runs",13,"N",NA,"AY Dandekar","C Shamshuddin"
1136591,"Royal Challengers Bangalore","runs",14,"N",NA,"M Erasmus","Nitin Menon"
1136592,"Delhi Daredevils","runs",4,"N","D/L","VK Sharma","CK Nandan"
1136593,"Kolkata Knight Riders","wickets",6,"N",NA,"HDPK Dharmasena","A Deshmukh"
1136594,"Mumbai Indians","wickets",6,"N",NA,"AY Dandekar","S Ravi"
1136595,"Chennai Super Kings","wickets",6,"N",NA,"Nitin Menon","YC Barde"
1136596,"Sunrisers Hyderabad","wickets",7,"N",NA,"BNJ Oxenford","CK Nandan"
1136597,"Mumbai Indians","runs",13,"N",NA,"HDPK Dharmasena","A Deshmukh"
1136598,"Kings XI Punjab","wickets",6,"N",NA,"C Shamshuddin","S Ravi"
1136599,"Sunrisers Hyderabad","runs",5,"N",NA,"BNJ Oxenford","VK Sharma"
1136600,"Rajasthan Royals","runs",15,"N",NA,"M Erasmus","Nitin Menon"
1136601,"Mumbai Indians","runs",102,"N",NA,"KN Ananthapadmanabhan","AK Chaudhary"
1136602,"Sunrisers Hyderabad","wickets",9,"N",NA,"AY Dandekar","C Shamshuddin"
1136603,"Rajasthan Royals","wickets",4,"N",NA,"M Erasmus","YC Barde"
1136604,"Kolkata Knight Riders","runs",31,"N",NA,"VK Sharma","CK Nandan"
1136605,"Royal Challengers Bangalore","wickets",5,"N",NA,"KN Ananthapadmanabhan","HDPK Dharmasena"
1136606,"Chennai Super Kings","wickets",8,"N",NA,"M Erasmus","YC Barde"
1136607,"Rajasthan Royals","wickets",7,"N",NA,"Nitin Menon","S Ravi"
1136608,"Royal Challengers Bangalore","wickets",10,"N",NA,"BNJ Oxenford","VK Sharma"
1136609,"Kolkata Knight Riders","wickets",6,"N",NA,"HDPK Dharmasena","AK Chaudhary"
1136610,"Mumbai Indians","runs",3,"N",NA,"M Erasmus","Nitin Menon"
1136611,"Royal Challengers Bangalore","runs",14,"N",NA,"AY Dandekar","S Ravi"
1136612,"Delhi Daredevils","runs",34,"N",NA,"VA Kulkarni","HDPK Dharmasena"
1136613,"Rajasthan Royals","runs",30,"N",NA,"BNJ Oxenford","VK Sharma"
1136614,"Kolkata Knight Riders","wickets",5,"N",NA,"AK Chaudhary","S Ravi"
1136615,"Delhi Daredevils","runs",11,"N",NA,"HDPK Dharmasena","CK Nandan"
1136616,"Chennai Super Kings","wickets",5,"N",NA,"Nitin Menon","YC Barde"
1136617,"Chennai Super Kings","wickets",2,"N",NA,"C Shamshuddin","M Erasmus"
1136618,"Kolkata Knight Riders","runs",25,"N",NA,"AK Chaudhary","Nitin Menon"
1136619,"Sunrisers Hyderabad","runs",14,"N",NA,"HDPK Dharmasena","Nitin Menon"
1136620,"Chennai Super Kings","wickets",8,"N",NA,"M Erasmus","S Ravi"
1175356,"Chennai Super Kings","wickets",7,"N",NA,"AY Dandekar","BNJ Oxenford"
1175357,"Kolkata Knight Riders","wickets",6,"N",NA,"CB Gaffaney","AK Chaudhary"
1175358,"Delhi Capitals","runs",37,"N",NA,"YC Barde","S Ravi"
1175359,"Kings XI Punjab","runs",14,"N",NA,"KN Ananthapadmanabhan","C Shamshuddin"
1175360,"Chennai Super Kings","wickets",6,"N",NA,"M Erasmus","Nitin Menon"
1175361,"Kolkata Knight Riders","runs",28,"N",NA,"VA Kulkarni","AK Chaudhary"
1175362,"Mumbai Indians","runs",6,"N",NA,"CK Nandan","S Ravi"
1175363,"Sunrisers Hyderabad","wickets",5,"N",NA,"C Shamshuddin","BNJ Oxenford"
1175364,"Kings XI Punjab","wickets",8,"N",NA,"VA Kulkarni","CB Gaffaney"
1175365,"Delhi Capitals","tie",NA,"Y",NA,"AY Dandekar","Nitin Menon"
1175366,"Sunrisers Hyderabad","runs",118,"N",NA,"KN Ananthapadmanabhan","S Ravi"
1175367,"Chennai Super Kings","runs",8,"N",NA,"YC Barde","CK Nandan"
1175368,"Kings XI Punjab","runs",14,"N",NA,"CB Gaffaney","AK Chaudhary"
1175369,"Rajasthan Royals","wickets",7,"N",NA,"AY Dandekar","M Erasmus"
1175370,"Mumbai Indians","runs",37,"N",NA,"RJ Tucker","BNJ Oxenford"
1175371,"Sunrisers Hyderabad","wickets",5,"N",NA,"KN Ananthapadmanabhan","C Shamshuddin"
1175372,"Kolkata Knight Riders","wickets",5,"N",NA,"CB Gaffaney","AK Chaudhary"
1178393,"Chennai Super Kings","runs",22,"N",NA,"KN Ananthapadmanabhan","RJ Tucker"
1178394,"Mumbai Indians","runs",40,"N",NA,"AY Dandekar","Nitin Menon"
1178395,"Delhi Capitals","wickets",4,"N",NA,"YC Barde","S Ravi"
1178396,"Kolkata Knight Riders","wickets",8,"N",NA,"CB Gaffaney","AK Chaudhary"
1178397,"Kings XI Punjab","wickets",6,"N",NA,"AY Dandekar","M Erasmus"
1178398,"Chennai Super Kings","wickets",7,"N",NA,"RJ Tucker","C Shamshuddin"
1178399,"Mumbai Indians","wickets",3,"N",NA,"YC Barde","S Ravi"
1178400,"Chennai Super Kings","wickets",4,"N",NA,"UV Gandhe","BNJ Oxenford"
1178401,"Delhi Capitals","wickets",7,"N",NA,"YC Barde","CK Nandan"
1178402,"Rajasthan Royals","wickets",4,"N",NA,"Nitin Menon","A Nand Kishore"
1178403,"Royal Challengers Bangalore","wickets",8,"N",NA,"UV Gandhe","S Ravi"
1178404,"Chennai Super Kings","wickets",5,"N",NA,"RJ Tucker","CK Nandan"
1178405,"Delhi Capitals","runs",39,"N",NA,"BNJ Oxenford","AK Chaudhary"
1178406,"Mumbai Indians","wickets",5,"N",NA,"M Erasmus","Nitin Menon"
1178407,"Kings XI Punjab","runs",12,"N",NA,"VA Kulkarni","AK Chaudhary"
1178408,"Sunrisers Hyderabad","wickets",6,"N",NA,"UV Gandhe","IJ Gould"
1178409,"Mumbai Indians","runs",40,"N",NA,"BNJ Oxenford","NJ Llong"
1178410,"Royal Challengers Bangalore","runs",10,"N",NA,"IJ Gould","Nitin Menon"
1178411,"Rajasthan Royals","wickets",5,"N",NA,"YC Barde","S Ravi"
1178412,"Delhi Capitals","wickets",5,"N",NA,"UV Gandhe","C Shamshuddin"
1178413,"Sunrisers Hyderabad","wickets",9,"N",NA,"NJ Llong","Nitin Menon"
1178414,"Royal Challengers Bangalore","runs",1,"N",NA,"RJ Tucker","VA Kulkarni"
1178415,"Delhi Capitals","wickets",6,"N",NA,"A Nand Kishore","S Ravi"
1178416,"Chennai Super Kings","wickets",6,"N",NA,"NJ Llong","AK Chaudhary"
1178417,"Royal Challengers Bangalore","runs",17,"N",NA,"C Shamshuddin","BNJ Oxenford"
1178418,"Rajasthan Royals","wickets",3,"N",NA,"AY Dandekar","IJ Gould"
1178419,"Mumbai Indians","runs",46,"N",NA,"NJ Llong","AK Chaudhary"
1178420,"Rajasthan Royals","wickets",7,"N",NA,"YC Barde","A Nand Kishore"
1178421,"Delhi Capitals","runs",16,"N",NA,"KN Ananthapadmanabhan","BNJ Oxenford"
1178422,"Kolkata Knight Riders","runs",34,"N",NA,"IJ Gould","Nitin Menon"
1178423,"Sunrisers Hyderabad","runs",45,"N",NA,"CK Nandan","S Ravi"
1178424,NA,NA,NA,NA,NA,"UV Gandhe","NJ Llong"
1178425,"Chennai Super Kings","runs",80,"N",NA,"AY Dandekar","Nitin Menon"
1178426,"Mumbai Indians","tie",NA,"Y",NA,"CK Nandan","S Ravi"
1178427,"Kolkata Knight Riders","wickets",7,"N",NA,"C Shamshuddin","BNJ Oxenford"
1178428,"Delhi Capitals","wickets",5,"N",NA,"AY Dandekar","IJ Gould"
1178429,"Royal Challengers Bangalore","wickets",4,"N",NA,"NJ Llong","AK Chaudhary"
1178430,"Kings XI Punjab","wickets",6,"N",NA,"KN Ananthapadmanabhan","C Shamshuddin"
1178431,"Mumbai Indians","wickets",9,"N",NA,"A Nand Kishore","CK Nandan"
1181764,"Mumbai Indians","wickets",6,"N",NA,"NJ Llong","Nitin Menon"
1181766,"Delhi Capitals","wickets",2,"N",NA,"BNJ Oxenford","S Ravi"
1181767,"Chennai Super Kings","wickets",6,"N",NA,"BNJ Oxenford","S Ravi"
1181768,"Mumbai Indians","runs",1,"N",NA,"IJ Gould","Nitin Menon"
1216492,"Chennai Super Kings","wickets",5,"N",NA,"CB Gaffaney","VK Sharma"
1216493,"Delhi Capitals","tie",NA,"Y",NA,"AK Chaudhary","Nitin Menon"
1216494,"Royal Challengers Bangalore","wickets",8,"N",NA,"VK Sharma","S Ravi"
1216495,"Sunrisers Hyderabad","wickets",10,"N",NA,"C Shamshuddin","RK Illingworth"
1216496,"Rajasthan Royals","runs",16,"N",NA,"C Shamshuddin","VA Kulkarni"
1216497,"Kolkata Knight Riders","runs",59,"N",NA,"CB Gaffaney","PG Pathak"
1216498,"Kings XI Punjab","runs",12,"N",NA,"AY Dandekar","PR Reiffel"
1216499,"Mumbai Indians","wickets",5,"N",NA,"UV Gandhe","CB Gaffaney"
1216500,"Delhi Capitals","runs",46,"N",NA,"KN Ananthapadmanabhan","C Shamshuddin"
1216501,"Kolkata Knight Riders","runs",10,"N",NA,"KN Ananthapadmanabhan","RK Illingworth"
1216502,"Sunrisers Hyderabad","wickets",5,"N",NA,"KN Ananthapadmanabhan","K Srinivasan"
1216503,"Mumbai Indians","runs",48,"N",NA,"VK Sharma","S Ravi"
1216504,"Kolkata Knight Riders","runs",37,"N",NA,"KN Ananthapadmanabhan","C Shamshuddin"
1216505,"Delhi Capitals","wickets",6,"N",NA,"CB Gaffaney","S Ravi"
1216506,"Chennai Super Kings","wickets",9,"N",NA,"PG Pathak","VK Sharma"
1216507,"Rajasthan Royals","wickets",5,"N",NA,"YC Barde","PR Reiffel"
1216508,"Mumbai Indians","runs",49,"N",NA,"CB Gaffaney","S Ravi"
1216509,"Delhi Capitals","wickets",5,"N",NA,"KN Ananthapadmanabhan","RK Illingworth"
1216510,"Kings XI Punjab","runs",97,"N",NA,"AK Chaudhary","PR Reiffel"
1216511,"Mumbai Indians","runs",57,"N",NA,"VK Sharma","S Ravi"
1216512,"Kolkata Knight Riders","tie",NA,"Y",NA,"PG Pathak","S Ravi"
1216513,"Chennai Super Kings","wickets",10,"N",NA,"AY Dandekar","Nitin Menon"
1216514,"Royal Challengers Bangalore","wickets",8,"N",NA,"CB Gaffaney","S Ravi"
1216515,"Delhi Capitals","runs",18,"N",NA,"VA Kulkarni","RK Illingworth"
1216516,"Sunrisers Hyderabad","runs",7,"N",NA,"AK Chaudhary","PR Reiffel"
1216517,"Kings XI Punjab","tie",NA,"Y",NA,"Nitin Menon","PR Reiffel"
1216518,"Sunrisers Hyderabad","wickets",8,"N",NA,"Nitin Menon","PR Reiffel"
1216519,"Delhi Capitals","runs",59,"N",NA,"Nitin Menon","YC Barde"
1216520,"Kings XI Punjab","wickets",8,"N",NA,"KN Ananthapadmanabhan","RK Illingworth"
1216521,"Mumbai Indians","wickets",10,"N",NA,"C Shamshuddin","VA Kulkarni"
1216522,"Royal Challengers Bangalore","wickets",7,"N",NA,"AK Chaudhary","Nitin Menon"
1216523,"Kolkata Knight Riders","runs",2,"N",NA,"UV Gandhe","CB Gaffaney"
1216524,"Sunrisers Hyderabad","runs",88,"N",NA,"AK Chaudhary","Nitin Menon"
1216525,"Royal Challengers Bangalore","runs",37,"N",NA,"AK Chaudhary","PR Reiffel"
1216526,"Mumbai Indians","wickets",8,"N",NA,"CB Gaffaney","VK Sharma"
1216527,"Rajasthan Royals","wickets",4,"N",NA,"RK Illingworth","K Srinivasan"
1216528,"Chennai Super Kings","runs",20,"N",NA,"AK Chaudhary","PR Reiffel"
1216529,"Mumbai Indians","wickets",5,"N",NA,"CB Gaffaney","S Ravi"
1216530,"Kolkata Knight Riders","runs",60,"N",NA,"Nitin Menon","PR Reiffel"
1216531,"Kings XI Punjab","wickets",8,"N",NA,"KN Ananthapadmanabhan","C Shamshuddin"
1216532,"Sunrisers Hyderabad","runs",15,"N",NA,"VK Sharma","S Ravi"
1216533,"Rajasthan Royals","wickets",7,"N",NA,"CB Gaffaney","VK Sharma"
1216534,"Royal Challengers Bangalore","runs",10,"N",NA,"AY Dandekar","Nitin Menon"
1216535,"Mumbai Indians","wickets",9,"N",NA,"YC Barde","PR Reiffel"
1216536,"Chennai Super Kings","wickets",6,"N",NA,"C Shamshuddin","RK Illingworth"
1216537,"Rajasthan Royals","wickets",7,"N",NA,"CB Gaffaney","S Ravi"
1216538,"Mumbai Indians","runs",34,"N",NA,"KN Ananthapadmanabhan","RK Illingworth"
1216539,"Delhi Capitals","runs",44,"N",NA,"KN Ananthapadmanabhan","RK Illingworth"
1216540,"Royal Challengers Bangalore","runs",82,"N",NA,"RK Illingworth","K Srinivasan"
1216541,"Rajasthan Royals","wickets",8,"N",NA,"UV Gandhe","VK Sharma"
1216542,"Sunrisers Hyderabad","runs",69,"N",NA,"AK Chaudhary","Nitin Menon"
1216543,"Delhi Capitals","runs",13,"N",NA,"AK Chaudhary","Nitin Menon"
1216544,"Chennai Super Kings","wickets",8,"N",NA,"C Shamshuddin","RK Illingworth"
1216545,"Kolkata Knight Riders","wickets",7,"N",NA,"CB Gaffaney","VK Sharma"
1216546,"Kings XI Punjab","wickets",5,"N",NA,"C Shamshuddin","RK Illingworth"
1216547,"Royal Challengers Bangalore","tie",NA,"Y",NA,"Nitin Menon","PR Reiffel"
1237177,"Mumbai Indians","runs",57,"N",NA,"CB Gaffaney","Nitin Menon"
1237178,"Sunrisers Hyderabad","wickets",6,"N",NA,"PR Reiffel","S Ravi"
1237180,"Delhi Capitals","runs",17,"N",NA,"PR Reiffel","S Ravi"
1237181,"Mumbai Indians","wickets",5,"N",NA,"CB Gaffaney","Nitin Menon"
